Semester,Unit,No.,Word,POS,Chinese Meaning
SI,1,1,shelter,n.,庇護所
SI,1,2,clothing,n.,衣物
SI,1,3,sequence,n.,順序
SI,1,4,event,n.,事件
SI,1,5,genre,n.,類型
SI,1,6,realistic,adj.,寫實的
SI,1,7,fiction,n.,小說
SI,1,8,neighborhood,n.,社區
SI,1,9,skip,v.,跳過
SI,1,10,puddle,n.,水坑
SI,1,11,pause,v.,停下
SI,1,12,bud,v.,發芽
SI,1,13,market,n.,市場
SI,1,14,stand,n.,攤位
SI,1,15,lot,n.,停車場
SI,1,16,selfish,adj.,自私的
SI,1,17,backyard,n.,後院
SI,1,18,yard,n.,院子
SI,1,19,neighborhood,n.,社區
SI,1,20,daffodil,n.,黃水仙
SI,1,21,risk,n.,風險
SI,1,22,rush,v.,匆忙
SI,1,23,scarce,adj.,稀少的
SI,1,24,loan,n.,貸款
SI,1,25,prosper,v.,繁榮
SI,1,26,repay,v.,償還
SI,1,27,deal,n.,交易
SI,1,28,invest,v.,投資
SI,1,29,savings,n.,儲蓄
SI,1,30,allowance,n.,零用錢
SI,1,31,afford,v.,負擔得起
SI,1,32,prepare,v.,準備
SI,1,33,place,v.,放置
SI,1,34,stake,n.,(籬笆)梉
SI,1,35,stem,n.,莖
SI,1,36,hold,v.,握住
SI,1,37,pull,v.,拉
SI,1,38,weed,n.,雜草
SI,1,39,ripen,v.,成熟
SI,1,40,dozen,n.,一打
SI,1,41,crate,n.,板條箱
SI,1,42,ripe,adj.,成熟的
SI,1,43,profit,n.,利潤
SI,1,44,wage,n.,工資
SI,1,45,earn,v.,賺取
SI,1,46,beam,v.,微笑
SI,1,47,illustration,n.,插圖
SI,1,48,character,n.,角色
SI,1,49,detail,n.,細節
SI,1,50,evidence,n.,證據
SI,2,1,trial,n.,試驗
SI,2,2,error,n.,錯誤
SI,2,3,camper,n.,露營者
SI,2,4,event,n.,事件
SI,2,5,adventure,n.,冒險
SI,2,6,essential,adj.,必需的
SI,2,7,vacation,n.,假期
SI,2,8,solution,n.,解決方案
SI,2,9,raft,v.n.,木筏 (n.) / 划筏 (v.)
SI,2,10,guide,n.v.,導遊 (n.) / 引導 (v.)
SI,2,11,athlete,n.,運動員
SI,2,12,mission,n.,任務
SI,2,13,paddle,n.v.,槳 (n.) / 划槳 (v.)
SI,2,14,correct,v.,糾正
SI,2,15,honest,adj.,誠實的
SI,2,16,assemble,v.,組裝
SI,2,17,equipment,n.,設備
SI,2,18,checklist,n.,清單
SI,2,19,decipher,v.,解碼
SI,2,20,helmet,n.,頭盔
SI,2,21,jacket,n.,夾克
SI,2,22,bucket,n.,桶
SI,2,23,solo,adj.,單獨的
SI,2,24,route,n.,路線
SI,2,25,navigate,v.,導航
SI,2,26,wave,n.,海浪
SI,2,27,slap,v.,拍打
SI,2,28,spray,v.,噴灑
SI,2,29,suddenly,adv.,突然
SI,2,30,distract,v.,分心
SI,2,31,retrace,v.,回溯
SI,2,32,step,n.,步驟
SI,2,33,halt,n.v.,停止
SI,2,34,anxious,adj.,焦慮的
SI,2,35,stuck,adj.,卡住的
SI,2,36,rock,n.,岩石
SI,2,37,shove,n.,推擠
SI,2,38,sight,n.,景象
SI,2,39,echo,n.,回聲
SI,2,40,matter,n.,事情
SI,2,41,worse,adj.,更糟的
SI,2,42,storm,n.,風暴
SI,2,43,gather,v.,聚集
SI,2,44,shift,v.,移動
SI,2,45,rear,n.,後面
SI,2,46,sway,v.,搖晃
SI,2,47,urge,v.,催促
SI,2,48,darken,v.,變暗
SI,2,49,inch,n.,英寸
SI,2,50,couple,n.,夫妻
SI,2,51,drizzle,v.,毛毛雨
SI,2,52,admit,v.,承認
SI,2,53,option,n.,選擇
SI,2,54,yell,v.,喊叫
SI,2,55,lift,v.,舉起
SI,2,56,hesitant,adj.,猶豫的
SI,2,57,pop,v.,突然出現
SI,2,58,tear,v.,撕裂
SI,2,59,suction,n.,吸力
SI,2,60,brilliant,adj.,聰明的
SI,2,61,cheer,v.,歡呼
SI,2,62,steady,adj.,穩定的
SI,2,63,indoors,n.,室內
SI,2,64,accomplish,v.,完成
SI,2,65,suspense,n.,懸疑
SI,3,1,experience,v.,經歷
SI,3,2,describe,v.,描述
SI,3,3,apartment,n.,公寓
SI,3,4,preposition,n.,介詞
SI,3,5,direction,n.,方向
SI,3,6,location,n.,位置
SI,3,7,circle,v.,環繞
SI,3,8,stack,v.,堆疊
SI,3,9,stair,n.,樓梯
SI,3,10,narrative,adj.,敘述的
SI,3,11,nonfiction,n.,非小說
SI,3,12,woods,n.,森林
SI,3,13,nature,n.,自然
SI,3,14,view,n.,風景
SI,3,15,raise,v.,舉起
SI,3,16,chatter,n.,閒聊
SI,3,17,guest,n.,客人
SI,3,18,fill,v.,填充
SI,3,19,stare,v.,凝視
SI,3,20,head,v.,前往
SI,3,21,shut,v.,關閉
SI,3,22,emphasis,n.,強調
SI,3,23,upset,adj.,難過的
SI,3,24,rustle,v.,沙沙聲
SI,3,25,leaf,n.,葉子
SI,3,26,cabin,n.,小屋
SI,3,27,indicate,v.,指示
SI,3,28,alone,adj.,獨自的
SI,3,29,squirrel,n.,松鼠
SI,3,30,sheer,adj.,純粹的
SI,3,31,steep,adj.,陡峭的
SI,3,32,hare,n.,野兔
SI,3,33,pile,n.,堆
SI,3,34,debris,n.,碎片
SI,3,35,experience,n.,經歷
SI,3,36,pond,n.,池塘
SI,3,37,naturalist,n.,自然學家
SI,3,38,habit,n.,習慣
SI,3,39,encounter,n.,遭遇
SI,3,40,loon,n.,潛鳥
SI,3,41,dive,v.,潛水
SI,3,42,howl,v.,嚎叫
SI,3,43,journal,n.,日誌
SI,3,44,length,n.,長度
SI,3,45,utter,v.,說出
SI,3,46,prolong,v.,延長
SI,3,47,aid,v.,幫助
SI,3,48,immediately,adv.,立即
SI,3,49,ripple,v.,漣漪
SI,3,50,surface,n.,表面
SI,3,51,misty,adj.,霧蒙蒙的
SI,3,52,impress,v.,給人深刻印象
SI,3,53,spectacular,adj.,壯觀的
SI,3,54,scene,n.,場景
SI,3,55,amaze,v.,使驚奇
SI,3,56,silly,adj.,愚蠢的
SI,3,57,power,n.,力量
SI,3,58,mole,n.,鼴鼠
SI,3,59,awe,n.,敬畏
SI,3,60,nest,n.,巢
SI,3,61,geese,n.,鵝
SI,3,62,pack,v.,打包
SI,3,63,stack,n.,堆
SI,3,64,generation,n.,一代
SI,3,65,discover,v.,發現
SI,4,1,invention,n.,發明
SI,4,2,technology,n.,技術
SI,4,3,creative,adj.,有創意的
SI,4,4,photograph,n.,照片
SI,4,5,costume,n.,服裝
SI,4,6,princess,n.,公主
SI,4,7,scrap,n.,廢料
SI,4,8,cloth,n.,布料
SI,4,9,pin,n.,別針
SI,4,10,attach,v.,附上
SI,4,11,needle,n.,針
SI,4,12,thread,n.,線
SI,4,13,sew,v.,縫
SI,4,14,biography,n.,傳記
SI,4,15,fantasy,n.,幻想
SI,4,16,invent,v.,發明
SI,4,17,imagine,v.,想像
SI,4,18,tool,n.,工具
SI,4,19,envision,v.,想像
SI,4,20,accident,n.,意外
SI,4,21,advanced,adj.,先進的
SI,4,22,develop,v.,發展
SI,4,23,passionate,adj.,熱情的
SI,4,24,enthusiastically,adv.,熱情地
SI,4,25,fascinate,v.,著迷
SI,4,26,astronomy,n.,天文學
SI,4,27,telescope,n.,望遠鏡
SI,4,28,publish,v.,出版
SI,4,29,magazine,n.,雜誌
SI,4,30,teenager,n.,青少年
SI,4,31,college,n.,大學
SI,4,32,predict,v.,預測
SI,4,33,fought,v.,打架
SI,4,34,radar,n.,雷達
SI,4,35,signal,n.,信號
SI,4,36,track,v.,追蹤
SI,4,37,object,n.,物體
SI,4,38,breakthrough,n.,突破
SI,4,39,system,n.,系統
SI,4,40,wireless,adj.,無線的
SI,4,41,satellite,n.,衛星
SI,4,42,rocket,n.,火箭
SI,4,43,exist,v.,存在
SI,4,44,imagination,n.,想像
SI,4,45,inventor,n.,發明家
SI,4,46,launch,v.,發射
SI,4,47,possible,adj.,可能的
SI,4,48,claim,v.n.,主張
SI,4,49,apply,v.,申請
SI,4,50,patent,n.,專利
SI,4,51,legal,adj.,法律的
SI,4,52,odyssey,n.,奧德賽
SI,4,53,control,v.,控制
SI,4,54,device,n.,裝置
SI,4,55,spacecraft,n.,太空船
SI,4,56,recognize,v.,認出
SI,4,57,common,adj.,常見的
SI,4,58,mission,n.,任務
SI,4,59,planet,n.,行星
SI,4,60,novel,n.,小說
SI,4,61,electronic,adj.,電子的
SI,4,62,screen,n.,螢幕
SI,4,63,captivate,v.,迷住
SI,4,64,delight,v.,使高興
SI,4,65,inspire,v.,激勵
SI,4,66,royal,adj.,皇家的
SI,4,67,wire,n.,金屬線
SI,4,68,serious,adj.,嚴肅的
SI,4,69,tube,n.,管道
SI,4,70,lens,n.,鏡頭
SI,5,1,access,n./v.,存取，訪問，進入
SI,5,2,accessing,v.,存取
SI,5,3,activity,n.,活動
SI,5,4,advance,v.,前進
SI,5,5,alarming,adj.,令人擔憂的
SI,5,6,analysis,n.,分析，分析過程
SI,5,7,author,n.,作者
SI,5,8,behavior,n.,行為，行動
SI,5,9,circumstance,n.,情況，環境
SI,5,10,cite,v.,引用
SI,5,11,communication,n.,溝通
SI,5,12,complication,n.,複雜情況
SI,5,13,conclusion,n.,結論
SI,5,14,connection,n.,連接
SI,5,15,consequence,n.,後果，結果
SI,5,16,consideration,n.,考慮，顧慮
SI,5,17,counterpoint,n.,對立觀點
SI,5,18,dangerous,adj.,危險的
SI,5,19,data,n.,數據
SI,5,20,describe,v.,描述
SI,5,21,device,n.,裝置，設備
SI,5,22,drawbacks,n.,缺點，不利之處
SI,5,23,effect,n.,影響
SI,5,24,essential,adj.,必要的
SI,5,25,factor,n.,因素，因素
SI,5,26,functions,n./v.,功能，運作
SI,5,27,harmful,adj.,有害的
SI,5,28,identify,v.,辨識，識別
SI,5,29,impact,n./v.,影響，影響力
SI,5,30,individual,n.,個人，個體
SI,5,31,influence,n./v.,影響，影響力
SI,5,32,interaction,n.,互動
SI,5,33,interactive,adj.,互動的
SI,5,34,limitation,n.,限制，局限性
SI,5,35,media,n.,媒體
SI,5,36,multitask,v.,多重任務，同時處理多項工作
SI,5,37,negative,adj.,負面的
SI,5,38,network,n.,網絡
SI,5,39,opinion,n.,意見，觀點
SI,5,40,position,n.,位置，立場
SI,5,41,positive,adj.,正面的
SI,5,42,prevent,v.,預防，阻止
SI,5,43,reasoning,n.,推理，論證
SI,5,44,recognize,v.,認識，認可
SI,5,45,remove,v.,移除
SI,5,46,researcher,n.,研究者
SI,5,47,responsible,adj.,負責任的
SI,5,48,reveal,v.,揭示，顯示
SI,5,49,significant,adj.,重要的
SI,5,50,skill,n.,技能
SI,5,51,support,v./n.,支持，支援
SI,5,52,surroundings,n.,周圍環境
SI,5,53,technology,n.,技術
SI,5,54,trend,n.,趨勢
SI,5,55,valuable,adj.,有價值的
SI,5,56,viewpoint,n.,觀點，看法
SI,6,1,article,n.,條約
SI,6,2,bill,n.,法案
SI,6,3,committee,n.,委員會
SI,6,4,compromise,n./v.,妥協，讓步
SI,6,5,constitutional,adj.,憲法的
SI,6,6,convention,n.,大會，會議
SI,6,7,debate,n./v.,辯論，爭論
SI,6,8,declaration,n.,宣言，聲明
SI,6,9,delegate,n.,代表，代表團
SI,6,10,discussion,n.,討論，討論會議
SI,6,11,government,n.,政府，政權
SI,6,12,independence,n.,獨立，自主
SI,6,13,loyalist,n.,忠實者，忠誠派
SI,6,14,patriot,n.,愛國者，愛國主義者
SI,6,15,proposal,n.,提議，建議
SI,6,16,protest,n.,抗議，示威
SI,6,17,representative,n.,代表，代表人
SI,6,18,resolution,n.,決議，解決方案
SI,6,19,resolve,v.,解決，決心
SI,6,20,revolution,n.,革命，變革
SI,6,21,situation,n.,情況，局勢
SI,6,22,taxation,n.,課稅，稅收
SI,6,23,union,n.,聯盟，結合
SI,6,24,litter,v.,亂丟垃圾
SI,6,25,principal,n. / adj.,校長;主要的
SI,6,26,poster,n.,海報
SI,6,27,trash,n. / v.,垃圾;丟棄
SI,6,28,sequence,n.,序列
SI,6,29,can,n. / v.,罐頭;能夠
SI,6,30,colonist,n.,殖民地居民
SI,6,31,create,v.,創建
SI,6,32,empire,n.,帝國
SI,6,33,colony,n.,殖民地
SI,6,34,stamp,n. / v.,郵票;蓋章
SI,6,35,unfair,adj.,不公平的
SI,6,36,wonder,v. / n.,想知道;奇跡
SI,6,37,consequently,adv.,因此;所以
SI,6,38,repeal,v.,撤銷;廢除
SI,6,39,cancel,v.,取消
SI,6,40,weave,v.,編織
SI,6,41,disorderly,adj.,混亂的
SI,6,42,crowd,n.,人群;擁擠
SI,6,43,tragedy,n.,悲劇
SI,6,44,massacre,n. / v.,大屠殺;屠殺
SI,6,45,slip,v. / n.,滑倒;滑動
SI,6,46,harbor,n. / v.,港口;庇護
SI,6,47,toss,v.,拋;投擲
SI,6,48,cargo,n.,貨物
SI,6,49,punish,v.,懲罰
SI,6,50,port,n.,港口
SI,6,51,ban,v. / n.,禁止;禁令
SI,6,52,harsh,adj.,嚴厲的;刺耳的
SI,6,53,intolerable,adj.,不能忍受的
SI,7,1,seek,v,尋找
SI,7,2,circumstance,n,情況/環境
SI,7,3,consult,v,諮詢/請教
SI,7,4,consideration,n,考慮/顧慮
SI,7,5,presence,n,存在/出席
SI,7,6,destiny,n,命運
SI,7,7,expectation,n,期望/期待
SI,7,8,unsure,adj,不確定的
SI,7,9,reveal,v,揭示/透露
SI,7,10,fairy,n/adj,仙女/神奇的
SI,7,11,tale,n,故事/傳說
SI,7,12,princess,n,公主
SI,7,13,brave,adj,勇敢的
SI,7,14,quest,n,探索/追求
SI,7,15,dragon,n,龍
SI,7,16,modern,adj,現代的
SI,7,17,prince,n,王子
SI,7,18,royal,adj,皇家的
SI,7,19,palace,n,皇宮
SI,7,20,taping,n,錄音/錄影
SI,7,21,charity,n,慈善機構/慈善事業
SI,7,22,twirl,v,旋轉/轉動
SI,7,23,audience,n,觀眾/聽眾
SI,7,24,float,v/n,漂浮/花車
SI,7,25,midnight,n,午夜
SI,7,26,rush,v/n,匆忙/奔忙
SI,7,27,sneaker,n,運動鞋
SI,7,28,clutch,v/n,緊抓/手提包
SI,7,29,source,n,來源
SI,7,30,succeed,v,成功/接替
SI,7,31,kingdom,n,王國
SI,7,32,recognize,v,認識/辨識
SI,7,33,entire,adj,整個的/全部的
SI,7,34,power,v,提供電力/驅動
SI,7,35,electric,adj,電的/電動的
SI,7,36,skateboard,n/v,滑板/滑板運動
SI,7,37,greet,v,迎接/打招呼
SI,7,38,struggle,v/n,奮鬥/掙扎
SI,7,39,jam,v,堵塞/擁擠
SI,7,40,eagerly,adv,急切地/渴望地
SI,7,41,frown,v/n,皺眉/皺眉頭
SI,7,42,narrow,adj/v,狹窄的/變窄
SI,7,43,slit,n/v,狹縫/劃破
SI,7,44,request,n/v,請求/要求
SI,7,45,partner,n,伙伴/合作夥伴
SI,7,46,scribble,v/n,潦草地寫/亂寫
SI,7,47,puzzled,adj,困惑的/迷惑的
SI,7,48,reply,v/n,回答/回應
SI,7,49,explain,v,解釋/說明
SI,7,50,wave,v/n,揮手/波浪
SI,7,51,rode,v,騎(車)/乘坐(過去式)
SI,7,52,intolerable,adj,無法忍受的/令人無法忍受的
SI,7,53,illustration,n,插圖/說明
SI,7,54,clue,n,線索/提示
SII,1,1,investigation,n,調查/研究
SII,1,2,nature,n,自然/性質
SII,1,3,energetic,adj,精力充沛的/有活力的
SII,1,4,observation,n,觀察/觀測
SII,1,5,theory,n,理論/學說
SII,1,6,flurry,n,陣風/騷動
SII,1,7,behavior,n,行為/舉止
SII,1,8,migrate,v,遷徙/遷移
SII,1,9,disappear,v,消失/消逝
SII,1,10,disappearance,n,消失/失踪
SII,1,11,transform,v,轉變/改變
SII,1,12,biography,n,傳記/自傳
SII,1,13,classify,v,分類/歸類
SII,1,14,classification,n,分類/歸類
SII,1,15,childhood,n,童年/兒童時期
SII,1,16,avoid,v,避免/迴避
SII,1,17,confusion,n,混亂/困惑
SII,1,18,basis,n,基礎/根據
SII,1,19,woods,n,樹林/森林
SII,1,20,shape,n/v,形狀/塑造
SII,1,21,gather,v,聚集/收集
SII,1,22,herbarium,n,植物標本館/植物標本
SII,1,23,collection,n,收藏品/收藏
SII,1,24,preserve,v/n,保存/保護
SII,1,25,botany,n,植物學/植物科學
SII,1,26,sequence,n,順序/序列
SII,1,27,tend,v,傾向/趨向
SII,1,28,insect,n,昆蟲
SII,1,29,geology,n,地質學
SII,1,30,rock,n,岩石
SII,1,31,mineral,n,礦物
SII,1,32,ecology,n,生態學
SII,1,33,behave,v,行為/舉止
SII,1,34,moth,n,蛾
SII,1,35,flutter,v,飄動/振翅
SII,1,36,photography,n,攝影術
SII,1,37,photograph,n/v,照片/拍照
SII,1,38,guide,n/v,導遊/指導
SII,1,39,publish,v,出版/發表
SII,1,40,describe,v,描述/形容
SII,1,41,forest,n,森林
SII,1,42,ecologist,n,生態學家
SII,1,43,extinct,adj,絕種的
SII,1,44,prevent,v,預防/阻止
SII,1,45,habitat,n,棲息地/生態環境
SII,1,46,region,n,區域/地區
SII,1,47,evergreen,adj/n,常綠的/常綠樹
SII,1,48,broadleaf,n/adj,闊葉樹/寬葉的
SII,1,49,stem,n,莖/幹
SII,1,50,opposite,adj/adv,相反的/在對面
SII,1,51,event,n,事件/活動
SII,2,1,accomplish,v,完成/實現
SII,2,2,task,n,任務/工作
SII,2,3,pursuit,n,追求/追逐
SII,2,4,assure,v,保證/確保
SII,2,5,gratitude,n,感激/感謝
SII,2,6,guidance,n,指導/引導
SII,2,7,detect,v,檢測/察覺
SII,2,8,previous,adj,先前的/以前的
SII,2,9,emerge,v,出現/浮現
SII,2,10,disappearance,n,消失/失踪
SII,2,11,homograph,n,同形異音詞
SII,2,12,can,n,罐頭/容器
SII,2,13,vase,n,花瓶
SII,2,14,magical,adj,魔法的/神奇的
SII,2,15,brocade,n,緞帶/錦緞
SII,2,16,tiny,adj,微小的/極小的
SII,2,17,hut,n,小屋/草屋
SII,2,18,weave,v,編織/編制
SII,2,19,wove,v,編織的（過去式）
SII,2,20,hanging,n/adj,懸掛物/懸掛的
SII,2,21,magnificent,adj,壯麗的/宏偉的
SII,2,22,sweep,v,打掃/橫掃
SII,2,23,swept,v,打掃的（過去式）
SII,2,24,heartbroken,adj,心碎的/傷心的
SII,2,25,promise,n/v,承諾/答應
SII,2,26,beard,n,鬍子/鬍鬚
SII,2,27,search,v/n,搜尋/搜索
SII,2,28,palace,n,宮殿/皇宮
SII,2,29,bow,v,鞠躬/彎腰
SII,2,30,express,v,表達/表露
SII,2,31,valley,n,山谷/溪谷
SII,2,32,shiver,v/n,顫抖/發抖
SII,2,33,swallow,v/n,吞嚥/燕子
SII,2,34,steep,adj,陡峭/險峻
SII,2,35,peak,n,山頂/巔峰
SII,2,36,photography,n,攝影/攝影術
SII,2,37,extremely,adv,非常/極端
SII,2,38,journey,n/v,旅程/旅行
SII,2,39,flame,n,火焰/火光
SII,2,40,leap,v/n,跳躍/飛躍
SII,2,41,intense,adj,強烈/激烈
SII,2,42,frigid,adj,嚴寒的/寒冷的
SII,2,43,chilly,adj,寒冷的/涼爽的
SII,2,44,wave,v/n,揮動/波浪
SII,2,45,trail,n/v,小徑/跟蹤
SII,2,46,grasp,v/n,抓住/掌握
SII,2,47,rein,n/v,韁繩/控制
SII,2,48,dismount,v,下馬/卸載
SII,2,49,princess,n,公主/王妃
SII,2,50,stare,v/n,凝視/注視
SII,2,51,wonder,v,詢問/驚奇
SII,2,52,fulfill,v,實現/完成
SII,2,53,announce,v,宣布/公告
SII,2,54,unroll,v,展開/卷開
SII,2,55,repetition,n,重複/反覆
SII,3,1,accomplish,v,完成/實現
SII,3,2,motivate,v,激勵/推動
SII,3,3,ambitious,adj,有雄心壯志的
SII,3,4,goal,n,目標/目的
SII,3,5,shudder,v/n,顫抖/戰慄
SII,3,6,memorize,v,記憶/背誦
SII,3,7,satisfaction,n,滿意/滿足
SII,3,8,tug,v/n,用力拉/拉力
SII,3,9,focus,v/n,專注/焦點
SII,3,10,pitcher,n,壺/投手
SII,3,11,nervous,adj,緊張/神經質的
SII,3,12,clasp,v/n,緊握/鈕扣
SII,3,13,grasp,v/n,抓住/理解
SII,3,14,dive,v/n,潛水/俯衝
SII,3,15,swing,v/n,揮動/擺動
SII,3,16,strike,v/n,打擊/罷工
SII,3,17,sprint,v/n,短跑/衝刺
SII,3,18,narrative,n/adj,敘述/故事性的
SII,3,19,repetition,n,重複/反覆
SII,3,20,rhyme,n/v,押韻/押韻詩
SII,3,21,verse,n,詩句/韻文
SII,3,22,scheme (v.),v/n,策劃/計畫
SII,3,23,plot,n/v,劇情/策劃
SII,3,24,mow,v,割草/修剪
SII,3,25,lawn,n,草坪/草地
SII,3,26,doubt,v/n,懷疑/疑慮
SII,3,27,chore,n,家務/雜務
SII,3,28,bother,v,打擾/麻煩
SII,3,29,theme,n,主題/主旨
SII,3,30,rescue,v/n,援救/拯救
SII,3,31,spill (n.),n/v,溢出/灑出
SII,3,32,syrup,n,糖漿/糖水
SII,3,33,coastal,adj,沿海的/海岸的
SII,3,34,sodden,adj,濕透的/浸濕的
SII,3,35,bog,n,沼澤/泥潭
SII,3,36,canoe,n/v,獨木舟/乘獨木舟
SII,3,37,glimpse,v/n,瞥見/一瞥
SII,3,38,downy,adj,柔軟的/毛茸茸的
SII,3,39,drown,v,淹沒/溺水
SII,3,40,seagull,n,海鷗/海鳥
SII,3,41,disaster,n,災難/災害
SII,3,42,precise,adj,精確/準確
SII,4,1,culture,n,文化
SII,4,2,appreciation,n,欣賞/感激
SII,4,3,blurt,v,脫口而出
SII,4,4,compliment,v/n,稱讚/讚美
SII,4,5,contradict,v,反駁/與...矛盾
SII,4,6,critical,adj,批評性的/關鍵的
SII,4,7,congratulate,v,祝賀/恭喜
SII,4,8,misunderstanding,n,誤解/誤會
SII,4,9,cultural,adj,文化的
SII,4,10,festival,n,節慶
SII,4,11,float,v/n,漂浮/遊行
SII,4,12,crowd,n,人群
SII,4,13,curb,n,路邊緣/控制
SII,4,14,reluctant,adj,不情願的
SII,4,15,pack,v/n,打包/群
SII,4,16,weird,adj,怪異的/奇怪的
SII,4,17,vacation,n,假期/度假
SII,4,18,hemisphere,n,半球
SII,4,19,opposite,adj,相反的/對立的
SII,4,20,apartment,n,公寓
SII,4,21,relocate,v,搬遷/重新安置
SII,4,22,island,n,島嶼
SII,4,23,surround,v,包圍/環繞
SII,4,24,spicy,adj,辣的
SII,4,25,sauce,n,醬汁
SII,4,26,lettuce,n,生菜
SII,4,27,familiar,adj,熟悉的/常見的
SII,4,28,flavor,n,風味/味道
SII,4,29,bite,v/n,咬/一口
SII,4,30,gloomy,adj,陰沉的/沮喪的
SII,4,31,mood,n,心情/情緒
SII,4,32,improve,v,改善/提升
SII,4,33,sight,n,景象/風景
SII,4,34,multilingual,adj,多語言的
SII,4,35,remark,v/n,評論/言論
SII,4,36,tango,n/v,探戈舞/跳探戈舞
SII,4,37,admit,v,承認/允許
SII,4,38,neighborhood,n,鄰里/社區
SII,4,39,reply,v/n,回覆/回應
SII,4,40,stadium,n,體育場
SII,4,41,rival,n/adj,對手/競爭對手
SII,4,42,experience,n/v,經驗/體驗
SII,4,43,realistic,adj,現實的/實際的
SII,5,1,nature,n,自然
SII,5,2,devise,v,設計/發明
SII,5,3,shortage,n,短缺
SII,5,4,fashion,n/v,時尚/流行
SII,5,5,tormentor,n,折磨者
SII,5,6,tease,v,戲弄/取笑
SII,5,7,annoy,v,惹惱/打擾
SII,5,8,hug,v/n,擁抱
SII,5,9,staple,n/adj,主食/基本的; 訂書釘
SII,5,10,civilization,n,文明
SII,5,11,communicate,v,溝通
SII,5,12,scribble,v/n,潦草地寫/塗鴉
SII,5,13,complex,adj/n,複雜的/綜合體
SII,5,14,synonym,n,同義詞
SII,5,15,antonym,n,反義詞
SII,5,16,puzzling,adj,令人困惑的
SII,5,17,tiny,adj,微小的/極小的
SII,5,18,cultivate,v,耕種/培養
SII,5,19,homophone,n,同音異義詞
SII,5,20,hole,n,孔/洞
SII,5,21,beak,n,鳥嘴
SII,5,22,woodpecker,n,啄木鳥
SII,5,23,scare,v,驚嚇/嚇唬
SII,5,24,foil,v/n,阻撓/箔紙
SII,5,25,declare,v,宣布/聲明
SII,5,26,screen,n/v,螢幕/篩選
SII,5,27,desert,n/v,沙漠/遺棄
SII,5,28,chase,v/n,追逐/追求
SII,5,29,sandstorm,n,沙塵暴
SII,5,30,insist,v,堅持
SII,5,31,frown,v/n,皺眉
SII,5,32,complain,v,抱怨
SII,5,33,crackle,v/n,發出爆裂聲
SII,5,34,entire,adj,整個/全部
SII,5,35,confused,adj,迷惑的/困惑的
SII,5,36,control,v/n,控制
SII,5,37,exclaim,v,驚叫/呼喊
SII,5,38,blind,adj/n/v,盲的/百褶窗/使失明
SII,5,39,flash,v/n,閃光/閃現
SII,5,40,opposite,adj/n,相反的/對面
SII,5,41,direction,n,方向
SII,5,42,gasp,v/n,倒抽一口氣
SII,5,43,breath,n,呼吸
SII,5,44,gigantic,adj,巨大的
SII,5,45,butterfly,n,蝴蝶
SII,5,46,fear,n/v,害怕/懼怕
SII,5,47,monster,n,怪物
SII,5,48,insect,n,昆蟲
SII,5,49,spot,n/v,斑點/認出
SII,5,50,pull,v/n,拉/拉力
SII,5,51,smash,v,粉碎/碰撞
SII,5,52,thick,adj/n,厚的/厚度
SII,5,53,layer,n/v,層/分層
SII,5,54,cluster,n/v,簇/聚集
SII,5,55,rub,v,摩擦
SII,5,56,shriek,v/n,尖叫/尖叫聲
SII,5,57,scream,v/n,尖叫/尖叫聲
SII,5,58,sigh,v/n,嘆息/嘆息聲
SII,5,59,bitter,adj,苦的
SII,5,60,crow,n/v,烏鴉/啼叫
SII,5,61,announce,v,宣布
SII,5,62,tear,v,撕裂
SII,5,63,silver,n/adj,銀/銀色的
SII,5,64,bracelet,n,手鐲
SII,5,65,ring,n/v,戒指/鳴鈴
SII,5,66,jewelry,n,珠寶
SII,5,67,attract,v,吸引
SII,5,68,object,n,物體
SII,5,69,giant,n/adj,巨人/巨大的
SII,5,70,trip,v/n,旅行/絆倒
SII,5,71,log,n/v,圓木/記錄
SII,5,72,gooey,adj,黏糊的
SII,5,73,mud,n,泥巴
SII,5,74,wipe,v,擦拭
SII,5,75,electric,adj,電的
SII,5,76,survive,v,存活
SII,5,77,normal,adj/n,正常的/常態
SII,5,78,declare,v,宣告
SII,5,79,event,n,事件
SII,6,1,pattern,n,圖案
SII,6,2,visible,adj,可見的
SII,6,3,moisture,n,濕氣
SII,6,4,particle,n,微粒
SII,6,5,erode,v,侵蝕
SII,6,6,formation,n,形成
SII,6,7,repetition,n,重複
SII,6,8,contact,"n, v",聯繫
SII,6,9,structure,n,結構
SII,6,10,camp,"n, v",營地;露營
SII,6,11,cave,n,洞穴
SII,6,12,adventure,n,冒險
SII,6,13,solid,"adj, n",固體;堅固的
SII,6,14,temperature,n,溫度
SII,6,15,landscape,n,風景
SII,6,16,sketch,"n, v",素描;草圖
SII,6,17,pebble,n,小圓石
SII,6,18,vast,adj,廣大的
SII,6,19,canyon,n,峽谷
SII,6,20,grand,adj,宏偉的
SII,6,21,igneous,adj,火成的
SII,6,22,magma,n,岩漿
SII,6,23,surface,"n, v, adj",表面;露面;表面的
SII,6,24,crack,"n, v",裂縫;裂開
SII,6,25,volcano,n,火山
SII,6,26,lava,n,岩漿
SII,6,27,mineral,n,礦物
SII,6,28,crystal,n,水晶
SII,6,29,eventually,adv,最終
SII,6,30,liquid,"n, adj",液體;液體的
SII,6,31,granite,n,花崗岩
SII,6,32,texture,n,質地;紋理
SII,6,33,rough,adj,粗糙的
SII,6,34,obsidian,n,黑曜石
SII,6,35,smooth,"adj, v",光滑的;使光滑
SII,6,36,limestone,n,石灰岩
SII,6,37,marble,n,大理石
SII,6,38,sandstone,n,沙岩
SII,6,39,collect,v,收集
SII,6,40,layer,"n, v",層;分層
SII,6,41,bottom,n,底部
SII,6,42,squeeze,v,擠壓
SII,6,43,press,"v, n",按;壓力
SII,6,44,sedimentary,adj,沉積的
SII,6,45,shell,n,貝殼
SII,6,46,strata,n,地層
SII,6,47,straight,"adj, adv",直的;直接地
SII,6,48,wavy,adj,波浪狀的
SII,6,49,dazzling,adj,耀眼的
SII,6,50,metamorphic,adj,變質的
SII,6,51,melt,v,融化
SII,6,52,process,"n, v",過程;處理
SII,6,53,repeat,v,重複
SII,6,54,cliff,n,懸崖
SII,7,1,teamwork,n,團隊協作
SII,7,2,benefit,"n, v",好處;受益於
SII,7,3,mimic,"v, n",模仿;模仿者
SII,7,4,collaborate,v,合作;協作
SII,7,5,technique,n,技術;技巧
SII,7,6,function,"n, v",功能;運作
SII,7,7,dedicated,adj,專注的;全心全意的
SII,7,8,artificial,adj,人造的;人工的
SII,7,9,obstacle,n,障礙;阻礙
SII,7,10,flexible,adj,靈活的;柔韌的
SII,7,11,bleacher,n,看臺;露天看臺
SII,7,12,gym,n,健身房
SII,7,13,coach,"n, v",教練;指導
SII,7,14,sneaker,n,運動鞋
SII,7,15,squeak,"v, n",吱吱聲;吱吱叫聲
SII,7,16,clap,"v, n",拍手;拍手聲
SII,7,17,gulf,n,海灣;鴻溝
SII,7,18,spill,"v, n",洩漏;灑出
SII,7,19,absorb,v,吸收;吸引
SII,7,20,comic,"adj, n",滑稽的;漫畫
SII,7,21,solve,v,解決;解答
SII,7,22,action,n,行動;動作
SII,7,23,drill,"n, v",鑽孔機;鑽孔
SII,7,24,rig,"n, v",裝置;操縱
SII,7,25,explode,v,爆炸;爆發
SII,7,26,massive,adj,巨大的;龐大的
SII,7,27,rage,"n, v",憤怒;發怒
SII,7,28,pour,v,倒;灌注
SII,7,29,pipeline,n,管道;輸油管道
SII,7,30,disaster,n,災難;災害
SII,7,31,require,v,需要;要求
SII,7,32,skill,n,技能;技巧
SII,7,33,explosion,n,爆炸;爆發
SII,7,34,firefighter,n,消防員
SII,7,35,respond,v,回應;應對
SII,7,36,crew,n,全體工作人員
SII,7,37,survivor,n,幸存者
SII,7,38,sank,v,沉沒;下沉
SII,7,39,specific,adj,具體的;特定的
SII,7,40,current,"adj, n",當前的;水流
SII,7,41,biologist,n,生物學家
SII,7,42,protect,v,保護;防衛
SII,7,43,engineer,n,工程師
SII,7,44,leak,"v, n",洩漏;漏洞
SII,7,45,surface,"n, v",表面;浮出水面
SII,7,46,expert,"n, adj",專家;專業的
SII,7,47,robot,n,機器人
SII,7,48,device,n,裝置;設備
SII,7,49,tool,n,工具;工具箱
SII,7,50,damage,"n, v",損害;損傷
SII,7,51,mess,n,雜亂;混亂
SII,7,52,NASA,n,美國國家航空暨太空總署
SII,7,53,satellite,n,衛星
SII,7,54,track,"v, n",追蹤;軌道
SII,7,55,storm,"n, v",暴風雨;猛烈襲擊
SII,7,56,follow,v,跟隨;追隨
SII,7,57,pose,v,擺姿勢;引起
SII,7,58,barrier,n,障礙物;屏障
SII,7,59,supply,"n, v",供應;供應品
SII,7,60,veterinarian,n,獸醫
SII,7,61,pelican,n,鵜鶘
SII,7,62,turtle,n,海龜
SII,7,63,treat,"v, n",對待;對待物品;款待
SII,7,64,naturalist,n,博物學家;自然主義者
SII,7,65,ecologist,n,生態學家
SII,7,66,habitat,n,棲息地;自然環境
SII,7,67,volunteer,"n, v",志願者;自願參加
SII,7,68,local,"adj, n",本地的;當地人
SII,7,69,depend,v,依賴;依靠
SII,7,70,insurance,n,保險
SII,7,71,income,n,收入
SII,7,72,trap,"v, n",陷阱;設陷阱
SII,7,73,float,"v, n",浮動;漂浮
SII,7,74,glob,n,小圓塊;球狀物
SII,7,75,ruin,"v, n",毀壞;廢墟
SII,7,76,shallow,adj,淺的
SII,7,77,recovery,n,恢復;復原
SII,7,78,mesh,n,網狀結構;網眼
SII,7,79,skimmer,n,撇沫器;撇去表面的工具
SII,7,80,goal,n,目標;目的
SII,7,81,task,n,任務;工作
SII,7,82,similar,adj,相似的;相近的
SII,7,83,mission,n,任務;使命
SII,7,84,valuable,adj,有價值的;寶貴的
SII,8,1,event,n,事件
SII,8,2,preserve,"v, n",保存;保護
SII,8,3,archaeologist,n,考古學家
SII,8,4,album,n,專輯;相冊
SII,8,5,remains,n,遺骸;殘骸
SII,8,6,object,"n, v",物體;反對
SII,8,7,ancient,adj,古老的
SII,8,8,historian,n,歷史學家
SII,8,9,colony,n,殖民地
SII,8,10,civil,adj,公民的;民間的
SII,8,11,era,n,時代
SII,8,12,president,n,總統
SII,8,13,remnant,n,殘餘物
SII,8,14,reconstruct,v,重建;復原
SII,8,15,fragment,n,碎片
SII,8,16,intact,adj,完整的;未受損的
SII,8,17,replace,v,取代;替換
SII,8,18,indefinite,adj,不確定的;模糊的
SII,8,19,pronoun,n,代詞
SII,8,20,specific,adj,具體的;特定的
SII,8,21,pile,n,一堆;堆積
SII,8,22,bookshelf,n,書架
SII,8,23,mysterious,adj,神秘的
SII,8,24,purpose,n,目的;用途
SII,8,25,string,n,線;細繩
SII,8,26,quipu,n,庫楚繩（古印加帝國用來記錄信息的編織繩）
SII,8,27,calculator,n,計算器
SII,8,28,puzzle,"n, v",拼圖;困惑
SII,8,29,mop,"n, v",拖把;用拖把拖地
SII,8,30,civilization,n,文明;文化
SII,8,31,Inca,n,印加人（南美洲的原住民）
SII,8,32,invent,v,發明
SII,8,33,cord,n,繩子
SII,8,34,tie,"v, n",綁;領帶
SII,8,35,researcher,n,研究人員
SII,8,36,figure,n,數字;人物;圖表
SII,8,37,expert,"n, adj",專家;熟練的
SII,8,38,knot,"n, v",結;打結
SII,8,39,represent,v,代表;象徵
SII,8,40,official,"adj, n",官方的;官員
SII,8,41,count,"v, n",計數;數量
SII,8,42,crop,n,作物;收成
SII,8,43,cluster,"n, v",群;串
SII,8,44,value,"n, v",價值;重視;估價
SII,8,45,solution,n,解決方案;溶液
SII,8,46,proof,n,證據;證明
SII,8,47,symbol,n,符號;象徵
SII,8,48,handwritten,adj,手寫的
SII,8,49,woven,v,編織;編織的
SII,8,50,match,"n, v",比賽;相配;匹配
SII,8,51,empire,n,帝國;大帝國
SII,8,52,vast,adj.,廣大的;浩翰的
SII,8,53,position,n,位置;職位
SIII,1,1,spin,v.,旋轉
SIII,1,2,boldly,adv.,大膽地
SIII,1,3,giant,adj.,巨大的
SIII,1,4,neatly,adv.,整潔地
SIII,1,5,wrap,v.,包裹
SIII,1,6,mighty,adj.,強大的
SIII,1,7,chance,n.,機會
SIII,1,8,ridden,v.,乘坐
SIII,1,9,tale,n.,故事
SIII,1,10,amazing,adj.,令人驚訝的
SIII,1,11,folk,n.,民間
SIII,1,12,unblievably,adj.,難以置信的
SIII,1,13,weigh,v.,稱重
SIII,1,14,scale,n.,規模
SIII,1,15,deed,n.,行為
SIII,1,16,nickname,n.,綽號
SIII,1,17,impress,v.,給人印象
SIII,1,18,strength,n.,力量
SIII,1,19,boulder,n.,大石頭
SIII,1,20,path,n.,小徑
SIII,1,21,toss,v.,拋
SIII,1,22,enormous,adj.,巨大的
SIII,1,23,saunter,v.,閒逛
SIII,1,24,pappy,n.,爸爸
SIII,1,25,buggy,n.,馬車
SIII,1,26,ditch,n.,溝渠
SIII,1,27,track,n.,軌道
SIII,1,28,powerful,adj.,強大的
SIII,1,29,storm,n.,暴風雨
SIII,1,30,strike,v.,襲擊
SIII,1,31,pour,v.,倒
SIII,1,32,gust,n.,一陣狂風
SIII,1,33,blew,v.,吹
SIII,1,34,shook,v.,搖動
SIII,1,35,fear,n.,恐懼
SIII,1,36,coal,n.,煤炭
SIII,1,37,thunderous,adj.,轟隆的
SIII,1,38,crash,n.,碰撞
SIII,1,39,whip,v.,鞭打
SIII,1,40,creek,n.,小溪
SIII,1,41,grab,v.,抓住
SIII,1,42,vine,n.,藤蔓
SIII,1,43,slid,v.,滑動
SIII,1,44,trap,v.,困住
SIII,1,45,twisted,adj.,扭曲的
SIII,1,46,rail,n.,欄杆
SIII,1,47,swept,v.,掃過
SIII,1,48,mess,n.,混亂
SIII,1,49,yank,v.,猛拉
SIII,1,50,ascend,v.,上升
SIII,1,51,exaggeration,n.,誇大
SIII,1,52,heroic,adj.,英勇的
SIII,1,53,act,n.,行動
SIII,1,54,roll,v.,滾動
SIII,1,55,passenger,n.,乘客
SIII,1,56,attack,v.,攻擊
SIII,1,57,commence,v.,開始
SIII,1,58,flood,n.,洪水
SIII,1,59,rush,v.,匆忙
SIII,1,60,beneath,prep.,在...之下
SIII,1,61,spot,v.,發現
SIII,1,62,log,n.,木頭
SIII,1,63,lean,v.,傾斜
SIII,1,64,railing,n.,欄杆
SIII,1,65,pose,v.,擺姿勢
SIII,1,66,wring,v.,擰
SIII,1,67,bare,adj.,赤裸的
SIII,1,68,twig,n.,小枝
SIII,1,69,race,v.,比賽
SIII,1,70,whistle,v.,吹口哨
SIII,1,71,warning,n.,警告
SIII,2,1,discovery,n.,發現(名詞)
SIII,2,2,discover,v.,發現(動詞)
SIII,2,3,worst,adj.,最壞的
SIII,2,4,exclaim,v.,驚嘆
SIII,2,5,drama,n.,戲劇
SIII,2,6,cast,n.,演員陣容
SIII,2,7,outgoing,adj.,外向的
SIII,2,8,clue,n.,線索
SIII,2,9,scene,n.,場景
SIII,2,10,setting,n.,背景
SIII,2,11,poster,n.,海報
SIII,2,12,torn,adj.,撕裂的
SIII,2,13,container,n.,容器
SIII,2,14,narrator,n.,敘述者
SIII,2,15,claim,v.,宣稱
SIII,2,16,chameleon,n.,變色龍
SIII,2,17,fair,n.,博覽會
SIII,2,18,astound,v.,使驚訝
SIII,2,19,exhibit,n.,展示
SIII,2,20,device,n.,裝置
SIII,2,21,interpret,v.,解釋
SIII,2,22,scilence,n.,沉默
SIII,2,23,suspicious,adj.,可疑的
SIII,2,24,conceal,v.,隱藏
SIII,2,25,bottom,n.,底部
SIII,2,26,lobby,n.,大廳
SIII,2,27,fountain,n.,噴泉
SIII,2,28,origami,n.,摺紙
SIII,2,29,precise,adj.,精確的
SIII,2,30,rip,n.,撕裂
SIII,2,31,follow,v.,跟隨
SIII,2,32,perplex,v.,使困惑
SIII,2,33,lizard,n.,蜥蜴
SIII,2,34,escape,v.,逃脫
SIII,2,35,reconsider,v.,重新考慮
SIII,2,36,curious,adj.,好奇的
SIII,2,37,inquisitive,adj.,好奇的;過分打聽的
SIII,2,38,match,v.,匹配、相配
SIII,2,39,environment,n.,環境
SIII,2,40,afraid,adj.,害怕
SIII,2,41,confused,adj.,迷惑
SIII,2,42,cage,n.,籠子
SIII,2,43,chip,n.,晶片
SIII,2,44,beloved,adj.,心愛的
SIII,2,45,solve,v.,解決
SIII,2,46,figure,v.,想像
SIII,2,47,mysterious,adj.,神秘的
SIII,3,1,positive,adj.,積極的
SIII,3,2,action,n.,行動
SIII,3,3,offer,v.,提供
SIII,3,4,biography,n.,傳記
SIII,3,5,freedom,n.,自由
SIII,3,6,voice,n.,聲音
SIII,3,7,slavery,n.,奴隸制度
SIII,3,8,leader,n.,領導者
SIII,3,9,separate,v.,分開
SIII,3,10,dare,v.,敢
SIII,3,11,defy,v.,違抗
SIII,3,12,disobey,v.,不服從
SIII,3,13,master,n.,主人
SIII,3,14,punish,v.,懲罰
SIII,3,15,slave,n.,奴隸
SIII,3,16,courage,n.,勇氣
SIII,3,17,inspire,v.,啟發
SIII,3,18,entitle,v.,給予權利
SIII,3,19,sought,v.,尋找
SIII,3,20,protect,v.,保護
SIII,3,21,abolitionist,n.,废奴主义者
SIII,3,22,movement,n.,運動
SIII,3,23,issue,n.,(報刊的)一期
SIII,3,24,illustration,n.,插畫
SIII,3,25,auction,n.,拍賣
SIII,3,26,society,n.,社會;協會
SIII,3,27,eager,adj.,熱切的
SIII,3,28,anticipation,n.,期待
SIII,3,29,gathering,n.,聚會
SIII,3,30,hesitantly,adv.,猶豫地
SIII,3,31,nervous,adj.,緊張的
SIII,3,32,especially,adv.,特別
SIII,3,33,outspoken,adj.,直言不諱的;善言談的
SIII,3,34,describe,v.,描述
SIII,3,35,horror,n.,恐懼
SIII,3,36,audience,n.,觀眾
SIII,3,37,immediately,adv.,立即
SIII,3,38,cheer,v.,歡呼
SIII,3,39,agree,v.,同意
SIII,3,40,purpose,n.,目的
SIII,3,41,captivate,v.,迷住
SIII,3,42,neutral,adj.,中立的
SIII,3,43,presence,n.,存在
SIII,3,44,express,v.,表達
SIII,3,45,opinion,n.,意見
SIII,3,46,remain,v.,保持
SIII,3,47,dignity,n.,尊嚴
SIII,3,48,difference,n.,區別
SIII,3,49,reserve,v.,保留
SIII,3,50,autobiography,n.,自傳
SIII,3,51,narrative,n.,敘述
SIII,3,52,famous,adj.,著名的
SIII,3,53,reveal,v.,揭示
SIII,3,54,search,v.,搜索
SIII,3,55,safety,n.,安全
SIII,3,56,suggest,v.,建議
SIII,3,57,tour,n.,遊覽
SIII,3,58,popular,adj.,流行的
SIII,3,59,line,v.,排隊
SIII,3,60,publish,v.,出版
SIII,3,61,article,n.,文章
SIII,3,62,unequal,adj.,不平等的
SIII,3,63,status,n.,地位
SIII,3,64,treat,v.,對待
SIII,3,65,equal,n.,平等
SIII,3,66,cause,n.,(支持或為之奮鬥的)事業
SIII,3,67,throughout,prep.,在整個
SIII,4,1,consider,v.,考慮
SIII,4,2,resource,n.,資源
SIII,4,3,natural,adj.,自然的
SIII,4,4,valuable,adj.,有價值的
SIII,4,5,gasoline,n.,汽油
SIII,4,6,fuel,n.,燃料
SIII,4,7,addition,n.,添加
SIII,4,8,electricity,n.,電力
SIII,4,9,compare,v.,比較
SIII,4,10,expository,adj.,說明性的
SIII,4,11,energy,n.,能源
SIII,4,12,click,n.,點擊
SIII,4,13,lamp,n.,燈
SIII,4,14,probably,adv.,可能
SIII,4,15,power plant,n.,發電廠
SIII,4,16,burn,v.,燃燒
SIII,4,17,coal,n.,煤
SIII,4,18,create,v.,創造
SIII,4,19,gift,n.,禮物
SIII,4,20,exist,v.,存在
SIII,4,21,metal,n.,金屬
SIII,4,22,mineral,n.,礦物
SIII,4,23,soil,n.,土壤
SIII,4,24,necessity,n.,必要性
SIII,4,25,machine,n.,機器
SIII,4,26,source,n.,資源
SIII,4,27,renewable,adj.,可再生的
SIII,4,28,contrast,n.,對比
SIII,4,29,nonrenewable,adj.,不可再生的
SIII,4,30,limited,adj.,有限的
SIII,4,31,amount,n.,量
SIII,4,32,nuclear,adj.,核能
SIII,4,33,uranium,n.,鈾
SIII,4,34,facility,n.,設施
SIII,4,35,pipeline,n.,管道
SIII,4,36,challenge,n.,挑戰
SIII,4,37,demand,n.,需求
SIII,4,38,supply,n.,供應
SIII,4,39,remove,v.,移除
SIII,4,40,process,v.,處理
SIII,4,41,cause,v.,引起
SIII,4,42,pollute,v.,污染
SIII,4,43,harm,v.,傷害
SIII,4,44,atmosphere,n.,大氣
SIII,4,45,global,adj.,全球的
SIII,4,46,affect,v.,影響
SIII,4,47,climate,n.,氣候
SIII,4,48,glacier,n.,冰川
SIII,4,49,melt,v.,融化
SIII,4,50,rise,v.,上升
SIII,4,51,spill,n.,洩漏
SIII,4,52,seep,v.,滲漏
SIII,4,53,ocean,n,海洋
SIII,4,54,ruin,v.,毀壞
SIII,4,55,waste,n.,廢棄物
SIII,4,56,available,adj.,可用的
SIII,4,57,cost,v.,費用
SIII,4,58,promise,n.,承諾
SIII,4,59,solar,adj.,太陽的
SIII,4,60,panel,n.,面板
SIII,4,61,absorb,v.,吸收
SIII,4,62,axis,n.,軸
SIII,4,63,circulate,v.,循環
SIII,4,64,cycle,n.,週期;循環
SIII,4,65,store,v.,儲存
SIII,4,66,reduce,v.,減少
SIII,4,67,pollution,n.,汙染
SIII,4,68,conserve,v.,保存
SIII,4,69,effort,n.,努力
SIII,4,70,rig,n.,鉆井平臺
SIII,4,71,drill,v.,鑽孔
SIII,5,1,alliteration,n.,頭韻
SIII,5,2,appearance,n.,外貌
SIII,5,3,barren,adj.,貧瘠的
SIII,5,4,bother,v.,打擾
SIII,5,5,bump,v.,撞擊
SIII,5,6,bust,v.,爆裂
SIII,5,7,chirp,n./v.,唧唧聲;鳥鳴
SIII,5,8,connection,n.,連接
SIII,5,9,consonant,n.,子音
SIII,5,10,creativity,n.,創造力
SIII,5,11,cricket,n.,蟋蟀
SIII,5,12,curiosity,n.,好奇
SIII,5,13,experience,n.,經驗
SIII,5,14,expression,n.,表達
SIII,5,15,flick,v.,轻弹
SIII,5,16,float,v.,漂浮
SIII,5,17,frost,n.,霜
SIII,5,18,glide,v.,滑行
SIII,5,19,goggle,n.,眼罩
SIII,5,20,greedy,adj.,貪婪的
SIII,5,21,groove,n.,音樂節奏
SIII,5,22,hop,v.,跳躍
SIII,5,23,imagine,v.,想像
SIII,5,24,influence,n.,影響
SIII,5,25,inspiration,n.,靈感
SIII,5,26,instance,n.,實例
SIII,5,27,invade,v.,侵入
SIII,5,28,leap,v.,跳躍
SIII,5,29,lens,n.,鏡片
SIII,5,30,limb,n.,肢體
SIII,5,31,lyric,n.,抒情
SIII,5,32,meaningful,adj.,有意義的
SIII,5,33,memory,n.,記憶
SIII,5,34,metaphor,n.,隱喻
SIII,5,35,pattern,n.,圖案
SIII,5,36,pause,v.,暫停
SIII,5,37,pavement,n.,人行道
SIII,5,38,pea,n.,豌豆
SIII,5,39,pit,n.,果核
SIII,5,40,plume,n.,羽毛
SIII,5,41,poem,n.,詩
SIII,5,42,potential,n./adj.,潛力
SIII,5,43,pump,v.,抽水
SIII,5,44,reflection,n.,反思
SIII,5,45,ripe,adj.,成熟的
SIII,5,46,sensory,n.,感官
SIII,5,47,slap,v.,拍打
SIII,5,48,slide,v.,滑動
SIII,5,49,snap,v.,咔嚓
SIII,5,50,stanza,n.,詩節
SIII,5,51,stressed,adj.,重音的
SIII,5,52,swat,v.,拍打
SIII,5,53,syllable,n.,音節
SIII,5,54,theme,n.,主題
SIII,5,55,thread,n.,線
SIII,5,56,twist,v.,扭轉
SIII,5,57,unstressed,adj.,輕音的
SIII,5,58,veil,n.,面紗
SIII,5,59,express,v.,表達(動詞)
SIII,5,60,meter,n.,詩的格律
SIII,5,61,poetry,n.,詩歌
SIII,5,62,hold,v.,持有
SIII,5,63,ball,v.,球
SIII,5,64,sign,n.,符號
SIII,5,65,uninvited,adj.,未受邀請的
SIII,5,66,china,n.,中國
SIII,5,67,finger,n.,手指
SIII,5,68,frame,v.,架構
SIII,5,69,focus,v.,專注
SIII,5,70,zoom,v.,放大
SIII,6,1,perspective,n.,角度;觀點
SIII,6,2,genius,n.,天才
SIII,6,3,focus,n./v.,焦點
SIII,6,4,stun,v.,使震驚;使目瞪口呆
SIII,6,5,superb,adj.,極好的;優秀的
SIII,6,6,distain,n.,輕蔑;鄙視
SIII,6,7,prospect,n.,前景;展望
SIII,6,8,transition,n.,過渡;轉變
SIII,6,9,indefinite,n.,不確定的;無限的
SIII,6,10,pronoun,n.,代詞;代名詞
SIII,6,11,elementary,adj.,基本的;初級的
SIII,6,12,painful,adj.,痛苦的;疼痛的
SIII,6,13,district,n.,區;地區
SIII,6,14,row,n.,行;排
SIII,6,15,fraction,n.,分數;小部分
SIII,6,16,approach,v.,靠近;接近
SIII,6,17,complete,v.,完成;結束
SIII,6,18,admit,v.,承認;允許
SIII,6,19,slice,n.,切片;薄片
SIII,6,20,chalkboard,n.,黑板
SIII,6,21,vacation,n.,假期;度假
SIII,6,22,suppose,v.,假設;猜想
SIII,6,23,amazing,adj.,令人驚嘆的;不可思議的
SIII,6,24,brainteaser,n.,腦筋急轉彎
SIII,6,25,realize,v.,實現;了解
SIII,6,26,museum,n.,博物館
SIII,6,27,circle,n. / v.,圓;圓形;環繞;圈
SIII,6,28,evidence,n. / v.,證據;證明;表現
SIII,6,29,support,n. / v.,支持;支援;支架
SIII,6,30,opinion,n.,意見;觀點
SIII,6,31,detail,n. / v.,細節;詳情;細心考慮
SIII,6,32,describe,v.,描述;形容
SIII,6,33,setting,n.,設置;環境;背景
SIII,7,1,adapt,v,適應
SIII,7,2,experience,n/v,經歷/體驗
SIII,7,3,weakling,n,弱者
SIII,7,4,nominate,v,提名/任命
SIII,7,5,assume,v,假定/認為
SIII,7,6,sympathy,n,同情
SIII,7,7,below,prep/adv,在...之下
SIII,7,8,guarantee,n/v,保證/擔保
SIII,7,9,supportive,adj,支持的
SIII,7,10,rely,v,依賴/信任
SIII,7,11,goalie,n,守門員
SIII,7,12,obviously,adv,顯然地
SIII,7,13,compound,n/adj,化合物/複合的
SIII,7,14,sidewalk,n,人行道
SIII,7,15,hallway,n,走廊/門廳
SIII,7,16,bookcase,n,書架
SIII,7,17,somewhere,adv,在某處
SIII,7,18,downstairs,adv,在樓下
SIII,7,19,suggest,v,建議/暗示
SIII,7,20,fireplace,n,壁爐
SIII,7,21,upstairs,adv,在樓上
SIII,7,22,anyway,adv,無論如何
SIII,7,23,period,n,期間/句號
SIII,7,24,hardship,n,艱難/困境
SIII,7,25,lightning,n,閃電
SIII,7,26,bolt,n/v,螺栓/猛衝
SIII,7,27,camp,n/v,營地/露營
SIII,7,28,create,v,創造/製造
SIII,7,29,building,n,建築物
SIII,7,30,employment,n.,意見;觀點
SIII,7,31,imagine,n. / v.,細節;詳情;細心考慮
SIII,7,32,evergreen,v.,描述;形容
SIII,7,33,lumber,n.,設置;環境;背景
SIII,7,34,employment,n,就業
SIII,7,35,imagine,v,想像
SIII,7,36,evergreen,adj/n,常綠的/常青樹
SIII,7,37,lumber,n/v,木材/伐木
SIII,7,38,lumberjack,n,伐木工人
SIII,7,39,apartment,n,公寓
SIII,7,40,meatloaf,n,肉捲
SIII,7,41,cabbage,n,甘藍菜
SIII,7,42,ray,n,光線/魟魚
SIII,7,43,compare,v,比較
SIII,7,44,bet,v/n,打賭/賭注
SIII,7,45,swell,v/n/adj,腫脹/波浪/極好
SIII,7,46,reply,v/n,回覆/回應
SIII,7,47,sew,v,縫紉
SIII,7,48,stove,n,爐子
SIII,7,49,sink (n.),n,水槽
SIII,7,50,gloomy,adj,陰沉的
SIII,7,51,artist,n,藝術家
SIII,7,52,theater,n,戲院
SIII,7,53,production,n,製作/產品
SIII,7,54,cash,n,現金
SIII,7,55,poster,n,海報
SIII,7,56,sharp,adj,鋒利的
SIII,7,57,design,v/n,設計/設計
SIII,7,58,costume,n,服裝
SIII,7,59,ingredient,n,成分/食材
SIII,7,60,reddish,adj,微紅的
SIII,7,61,beet,n,甜菜根
SIII,7,62,serve,v,服務/端上
SIII,7,63,fidget,v/n,坐立不安/發狂
SIII,7,64,practice,v/n,練習/實踐
SIII,7,65,talent,n,天賦/才華
SIII,7,66,grab,v,抓住/拿取
SIII,7,67,available,adj,可用的/可得到的
SIII,7,68,beg,v,乞討/懇求
SIII,7,69,bundle,n/v,捆/捆成一束
SIII,7,70,layer,n,層/塗層
SIII,7,71,protect,v,保護
SIII,7,72,bow,v,鞠躬/彎腰
SIII,7,73,shame,n/v,羞愧/使感到羞愧
SIII,7,74,upbeat,adj,樂觀的
SIII,7,75,tune,n/v,曲調/調音
SIII,7,76,lift,v,舉起/搭乘
SIII,7,77,frown,v/n,皺眉/不悅的表情
SIII,7,78,folk,n/adj,民族/民間的
SIII,7,79,clap,v/n,拍手/一陣拍手聲
SIII,7,80,response,n,回應/反應
SIII,7,81,spirit,n,精神/靈魂
SIII,7,82,pride,n,自豪感/驕傲
SIII,7,83,applause,n,掌聲
SIII,7,84,detail,n,細節
SIV,1,1,environment,n.,環境
SIV,1,2,affect,v.,影響
SIV,1,3,stability,n.,穩定
SIV,1,4,decay,v./n.,腐爛;衰敗
SIV,1,5,impact,n./v.,影響
SIV,1,6,gradual,adj.,逐漸的
SIV,1,7,noticeably,adv.,顯著地
SIV,1,8,atmosphere,n.,大氣;氛圍
SIV,1,9,recede,v.,後退
SIV,1,10,shark,n.,鯊魚
SIV,1,11,variation,n.,變化
SIV,1,12,suffix,n.,字尾
SIV,1,13,sailfish,n.,旗魚
SIV,1,14,migrate,v.,遷移
SIV,1,15,humpback,n.,座頭鯨
SIV,1,16,whale,n.,鯨魚
SIV,1,17,distance,n.,距離
SIV,1,18,migration,n.,遷徙
SIV,1,19,squirrel,n.,松鼠
SIV,1,20,endanger,v.,危害
SIV,1,21,species,n.,物種
SIV,1,22,rescue,v./n.,救援
SIV,1,23,destroy,v.,摧毀
SIV,1,24,habitat,n.,棲息地
SIV,1,25,acre,n.,英畝
SIV,1,26,happen,v.,發生
SIV,1,27,destructive,adj.,破壞性的
SIV,1,28,productive,adj.,有生產力的
SIV,1,29,damage,v./n.,損害
SIV,1,30,terrify,v.,使害怕
SIV,1,31,prairie,n.,大草原
SIV,1,32,allow,v.,允許
SIV,1,33,benefit,n./v.,利益;受益於
SIV,1,34,occur,v.,發生
SIV,1,35,fuel,n./v.,燃料;加油
SIV,1,36,oxygen,n.,氧氣
SIV,1,37,spark,n./v.,火花;引發
SIV,1,38,lightning,n.,閃電
SIV,1,39,strike,v./n.,打擊;罷工
SIV,1,40,vegetation,n.,植被
SIV,1,41,rot,v./n.,腐爛;腐敗
SIV,1,42,depend,v.,依賴
SIV,1,43,rely,v.,依賴
SIV,1,44,provide,v.,提供
SIV,1,45,nutrient,n.,營養
SIV,1,46,soil,n.,土壤
SIV,1,47,branch,n.,樹枝
SIV,1,48,adapt,v.,適應
SIV,1,49,root,n.,根
SIV,1,50,bark,n./v.,樹皮;吠叫
SIV,1,51,resist,v.,抵抗
SIV,1,52,reproduce,v.,繁殖
SIV,1,53,diversity,n.,多樣性
SIV,1,54,originally,adv.,原先地
SIV,1,55,region,n.,地區
SIV,1,56,native,adj.,本地的
SIV,1,57,ensure,v.,確保
SIV,1,58,stage,n.,階段
SIV,1,59,seedling,n.,幼苗
SIV,1,60,mature,adj./v.,成熟的;成熟
SIV,1,61,insect,n.,昆蟲
SIV,1,62,sparrow,n.,麻雀
SIV,1,63,raccoon,n.,浣熊
SIV,1,64,factor,n.,因素
SIV,1,65,fear,n./v.,害怕;擔憂
SIV,1,66,buildup,n.,積聚
SIV,1,67,fierce,adj.,兇猛的;激烈的
SIV,1,68,manage,v.,管理
SIV,1,69,control,v./n.,控制
SIV,1,70,reduce,v.,減少
SIV,1,71,amount,n.,量;數量
SIV,1,72,handle,v./n.,處理;手柄
SIV,1,73,compare,v.,比較
SIV,1,74,contrast,v./n.,對比;對照
SIV,2,1,scientific,adj.,科學的
SIV,2,2,knowledge,n.,知識
SIV,2,3,discover,v.,發現
SIV,2,4,discovery,n.,發現
SIV,2,5,space,n.,空間
SIV,2,6,evaluate,v.,評估
SIV,2,7,astronomical,adj.,天文的
SIV,2,8,sphere,n.,球體;領域
SIV,2,9,calculate,v.,計算
SIV,2,10,calculation,n.,計算
SIV,2,11,approximately,adv.,大約
SIV,2,12,criteria,n.,標準
SIV,2,13,orbit,v./n.,繞軌道;軌道
SIV,2,14,diameter,n.,直徑
SIV,2,15,equipment,n.,設備
SIV,2,16,shelter,n./v.,遮蔽物;庇護
SIV,2,17,research,n./v.,研究
SIV,2,18,ground,n.,地面
SIV,2,19,whether,conj.,是否
SIV,2,20,forecast,n./v.,預報
SIV,2,21,predict,v.,預測
SIV,2,22,pattern,n.,模式
SIV,2,23,require,v.,需要
SIV,2,24,innovation,n.,創新
SIV,2,25,experience,n./v.,經歷;體驗
SIV,2,26,solar,adj.,太陽的
SIV,2,27,system,n.,系統
SIV,2,28,telescope,n.,望遠鏡
SIV,2,29,heighten,v.,提高
SIV,2,30,vision,n.,視力;視野
SIV,2,31,planet,n.,行星
SIV,2,32,observation,n.,觀察
SIV,2,33,distance,n.,距離
SIV,2,34,object (n.),n.,物體
SIV,2,35,model,n./v.,模型;模擬
SIV,2,36,prove,v.,證明
SIV,2,37,diagram,n.,圖表;示意圖
SIV,2,38,tool,n.,工具
SIV,2,39,judge,v./n.,判斷;法官
SIV,2,40,measure,v./n.,測量
SIV,2,41,thermometer,n.,溫度計
SIV,2,42,balloon,n.,氣球
SIV,2,43,transport,v./n.,運輸;交通
SIV,2,44,layer,n.,層
SIV,2,45,accurate,adj.,精確的
SIV,2,46,kite,n.,風箏
SIV,2,47,blew,v.,吹動;吹過
SIV,2,48,data,n.,數據
SIV,2,49,invention,n.,發明
SIV,2,50,height,n.,高度
SIV,2,51,lift,v./n.,舉起;提升
SIV,2,52,altitude,n.,海拔高度
SIV,2,53,technology,n.,技術
SIV,2,54,advance,v./n.,進步;前進
SIV,2,55,rocket,n.,火箭
SIV,2,56,satellite,n.,衛星
SIV,2,57,prediction,n.,預測
SIV,2,58,NASA,n.,美國國家航空暨太空總署
SIV,2,59,gather,v.,聚集
SIV,2,60,galaxy,n.,星系
SIV,2,61,sensor,n.,感測器
SIV,2,62,supercomputer,n.,超級計算機
SIV,2,63,climate,n.,氣候
SIV,2,64,mission,n.,任務;使命
SIV,2,65,view,n./v.,看法;觀點;看
SIV,2,66,inspire,v.,鼓舞;激勵
SIV,2,67,awe,n./v.,敬畏;驚嘆
SIV,2,68,argument,n.,爭論;論點
SIV,2,69,astronaut,n.,太空人
SIV,2,70,mesosphere,n.,中層大氣
SIV,2,71,stratosphere,n.,同溫層
SIV,2,72,ozone,n.,臭氧
SIV,2,73,troposphere,n.,對流層
SIV,3,1,natural,adj.,自然的
SIV,3,2,event,n.,事件
SIV,3,3,activity,n.,活動
SIV,3,4,affect,v.,影響
SIV,3,5,environment,n.,環境
SIV,3,6,scientific,adj.,科學的
SIV,3,7,viewpoint,n.,觀點;看法
SIV,3,8,probable,adj.,可能的
SIV,3,9,decline,v./n.,下降;衰落
SIV,3,10,identify,v.,辨認;識別
SIV,3,11,backpack,n./v.,背包;背負
SIV,3,12,disorder,n.,無序;紊亂
SIV,3,13,thrive,v.,茁壯成長;興旺
SIV,3,14,widespread,adj.,廣泛的
SIV,3,15,unexpected,adj.,意外的
SIV,3,16,agriculture,n.,農業
SIV,3,17,agricultural,adj.,農業的
SIV,3,18,powerful,adj.,強大的
SIV,3,19,playful,adj.,活潑的;嬉戲的
SIV,3,20,fearful,adj.,害怕的
SIV,3,21,throw,v./n.,拋;投擲
SIV,3,22,skillful,adj.,技巧高超的
SIV,3,23,arrival,n.,到達
SIV,3,24,nonnative,adj.,非本地的
SIV,3,25,species,n.,物種
SIV,3,26,invasive,adj.,入侵的
SIV,3,27,harm,v./n.,傷害
SIV,3,28,population,n.,人口;族群
SIV,3,29,sugarcane,n.,甘蔗
SIV,3,30,pest,n.,害蟲;有害物
SIV,3,31,crop,n.,作物
SIV,3,32,insect,n.,昆蟲
SIV,3,33,pesticide,n.,殺蟲劑
SIV,3,34,beetle,n.,甲蟲
SIV,3,35,citrus,n./adj.,柑橘;柑橘類的
SIV,3,36,retriever,n.,拾回犬
SIV,3,37,example,n.,例子
SIV,3,38,foreign,adj.,外來的
SIV,3,39,threaten,v.,威脅
SIV,3,40,alligator,n.,短吻鱷
SIV,3,41,python,n.,蟒蛇
SIV,3,42,crawl,v./n.,爬行
SIV,3,43,pet,n./v.,寵物;撫摸
SIV,3,44,dump,v./n.,傾倒;垃圾場
SIV,3,45,reduce,v.,減少
SIV,3,46,harmful,adj.,有害的
SIV,3,47,billion,n./adj.,十億;十億的
SIV,3,48,damage,v./n.,損害;損害
SIV,3,49,carp,n.,鯉魚
SIV,3,50,ecosystem,n.,生態系統
SIV,3,51,appetite,n.,食慾
SIV,3,52,germ,n.,細菌;病菌
SIV,3,53,flu,n.,流感
SIV,3,54,virus,n.,病毒
SIV,3,55,lung,n.,肺
SIV,3,56,expert,n./adj.,專家;熟練的
SIV,3,57,melaleuca,n.,比利時木
SIV,3,58,preserve,v./n.,保存;保護
SIV,3,59,swampy,adj.,沼澤的
SIV,3,60,crowd,n./v.,人群;擠擁
SIV,3,61,endanger,v.,危及
SIV,3,62,conclusion,n.,結論
SIV,3,63,remove,v.,移除
SIV,3,64,benefit,n./v.,利益;受益
SIV,3,65,cost,n./v.,成本;花費
SIV,3,66,chart,n./v.,圖表;制定計畫
SIV,3,67,erosion,n.,侵蝕
SIV,3,68,scale,n./v.,規模;衡量
SIV,3,69,purpose,n.,目的;意圖
SIV,3,70,accidentally,adv.,意外地
SIV,3,71,community,n.,社區
SIV,3,72,marsh,n.,沼澤地
SIV,3,73,kudzu,n.,苦土藤
SIV,3,74,evidence,n.,證據
SIV,3,75,support,v./n.,支持;支撑
SIV,3,76,position,n./v.,位置;立場
SIV,3,77,melaleuca,n.,比利時木
SIV,4,1,contribute,v.,貢獻
SIV,4,2,cause,n./v.,原因;導致
SIV,4,3,survival,n.,生存
SIV,4,4,intercept,v./n.,截取;攔截
SIV,4,5,contribution,n.,貢獻
SIV,4,6,operation,n.,操作;手術
SIV,4,7,diversity,n.,多樣性
SIV,4,8,variety,n.,變化;品種
SIV,4,9,synonym,n.,同義詞
SIV,4,10,recruit,v./n.,招募;新成員
SIV,4,11,enlist,v.,徵召;應徵
SIV,4,12,project,n./v.,項目;預測
SIV,4,13,bulletin,n.,公告;佈告
SIV,4,14,carnival,n.,嘉年華會
SIV,4,15,pronoun,n.,代詞
SIV,4,16,indefinite,adj.,不確定的;模糊的
SIV,4,17,specific,adj.,具體的;明確的
SIV,4,18,wander,v.,漫遊;徘徊
SIV,4,19,effort,n.,努力
SIV,4,20,prisoner,n.,囚犯
SIV,4,21,trap,n./v.,陷阱;設陷阱
SIV,4,22,pack,n./v.,包;打包
SIV,4,23,ally,n./v.,盟友;結盟
SIV,4,24,mechanic,n.,技工;機械師
SIV,4,25,battleship,n.,戰艦
SIV,4,26,apartment,n.,公寓
SIV,4,27,bakery,n.,麵包店
SIV,4,28,double,adj./v.,兩倍的;加倍
SIV,4,29,shift,n./v.,輪班;轉移
SIV,4,30,uniform,n./adj.,制服;一致的
SIV,4,31,snuck,v.,悄悄地進入
SIV,4,32,pocket,n./v.,口袋;裝進口袋
SIV,4,33,silly,adj.,愚蠢的;傻的
SIV,4,34,poetry,n.,詩歌
SIV,4,35,poem,n.,詩
SIV,4,36,appreciate,v.,欣賞;感激
SIV,4,37,creative,adj.,有創造力的
SIV,4,38,explain,v.,解釋
SIV,4,39,prepare,v.,準備
SIV,4,40,dough,n.,生麵團
SIV,4,41,muffin,n.,松餅
SIV,4,42,customer,n.,顧客
SIV,4,43,cookie,n.,曲奇餅
SIV,4,44,ring,v.,鳴響;打電話
SIV,4,45,race,n./v.,種族;比賽
SIV,4,46,invite,v./n.,邀請
SIV,4,47,immigrant,n.,移民
SIV,4,48,background,n.,背景
SIV,4,49,translate,v.,翻譯
SIV,4,50,several,adj.,幾個;一些
SIV,4,51,follow,v.,跟隨
SIV,4,52,rarely,adv.,很少地
SIV,4,53,whisper,v./n.,低聲說;耳語
SIV,4,54,frown,v./n.,皺眉;不悅的表情
SIV,4,55,private,adj.,私人的;個人的
SIV,4,56,serious,adj.,嚴肅的;認真的
SIV,4,57,military,adj./n.,軍事的;軍隊
SIV,4,58,engine,n.,引擎
SIV,4,59,navy,n.,海軍
SIV,4,60,stomp,v.,踩踏
SIV,4,61,floor,n.,地板
SIV,4,62,emphasis,n.,強調
SIV,4,63,storm,v.,暴風雨
SIV,4,64,ashamed,adj.,羞愧的;慚愧的
SIV,4,65,selfish,adj.,自私的
SIV,4,66,decorate,v.,裝飾
SIV,4,67,fundraiser,n.,募捐活動
SIV,4,68,flag,n./v.,旗幟;標誌
SIV,4,69,frost,n.,霜
SIV,4,70,stripe,n.,條紋
SIV,4,71,patch,n./v.,補丁;修補
SIV,4,72,tray,n.,托盤
SIV,4,73,supply,n./v.,供應;提供
SIV,4,74,restore,v.,恢復
SIV,4,75,democracy,n.,民主制度
SIV,4,76,slip,v./n.,滑倒;紙條
SIV,4,77,rhyme,v./n.,押韻;韻律
SIV,4,78,plenty,pron./n.,豐富;充足
SIV,4,79,instead,adv.,代替
SIV,4,80,description,n.,描述
SIV,4,81,convey,v.,傳達
SIV,4,82,theme,n.,主題
SIV,5,1,action,n.,行動
SIV,5,2,taunt,v./n.,嘲笑;嘲弄
SIV,5,3,abrupt,adj.,突然的;唐突的
SIV,5,4,ally,n./v.,盟友;結盟
SIV,5,5,conflict,n./v.,衝突;抵觸
SIV,5,6,intervene,v.,干預
SIV,5,7,confident,adj.,自信的
SIV,5,8,collide,v.,碰撞
SIV,5,9,protective,adj.,保護的
SIV,5,10,unusual,adj.,不尋常的;異常的
SIV,5,11,bully,v./n.,欺負;霸凌
SIV,5,12,hallway,n.,走廊
SIV,5,13,victim,n.,受害者
SIV,5,14,defend,v.,保衛;辯護
SIV,5,15,snap,v./n.,咬;猛然斷裂
SIV,5,16,tremble,v.,顫抖
SIV,5,17,reveal,v.,揭示;透露
SIV,5,18,nervous,adj.,緊張的;焦慮的
SIV,5,19,grab,v.,抓住
SIV,5,20,shove,v.,推擠
SIV,5,21,drop,v./n.,丟下;滴下
SIV,5,22,held,v.,持有（hold的過去分詞形式）
SIV,5,23,property,n.,財產;性質
SIV,5,24,bark,v./n.,吠叫;樹皮
SIV,5,25,cheek,n.,臉頰
SIV,5,26,kick,v./n.,踢;踢打
SIV,5,27,barely,adv.,幾乎不;勉強
SIV,5,28,sigh,v./n.,嘆氣;嘆息
SIV,5,29,opinion,n.,意見
SIV,5,30,nod,v./n.,點頭
SIV,5,31,vinegar,n.,醋
SIV,5,32,puzzled,adj.,困惑的;迷惑的
SIV,5,33,enemy,n.,敵人
SIV,5,34,suggest,v.,建議;提議
SIV,5,35,bet,v./n.,打賭;賭注
SIV,5,36,threaten,v.,威脅;恐嚇
SIV,5,37,advice,n.,忠告;建議
SIV,5,38,suggestion,n.,建議;提議
SIV,5,39,second,n.,秒;第二
SIV,5,40,hall,n.,大廳;走廊
SIV,5,41,attack,v./n.,攻擊;襲擊
SIV,5,42,accidentally,adv.,意外地
SIV,5,43,trip,v./n.,跌倒;旅行
SIV,5,44,crowd,n./v.,人群;擁擠
SIV,5,45,froze,v.,凝固;結冰
SIV,5,46,bend,v./n.,彎曲;彎道
SIV,5,47,speechless,adj.,無言的;說不出話的
SIV,5,48,mutter,v.,喃喃自語;低聲抱怨
SIV,5,49,thumb,n./v.,拇指;用拇指翻動書頁
SIV,5,50,grin,v./n.,露齒而笑
SIV,5,51,stick,v./n.,黏住;棍棒
SIV,5,52,solve,v.,解決
SIV,5,53,realistic,adj.,現實的;實際的
SIV,6,1,adapt,v.,適應
SIV,6,2,dormant,adj.,休眠的;靜止的
SIV,6,3,cache,n./v.,隱藏處;儲藏
SIV,6,4,hibernate,v.,冬眠
SIV,6,5,insulate,v.,隔離;絕緣
SIV,6,6,forage,v./n.,覓食;搜尋
SIV,6,7,frigid,adj.,極冷的
SIV,6,8,adaptation,n.,適應;改編
SIV,6,9,agile,adj.,靈活的;敏捷的
SIV,6,10,performer,n.,表演者;演出者
SIV,6,11,athlete,n.,運動員
SIV,6,12,celebration,n.,慶祝;慶典
SIV,6,13,decoration,n.,裝飾
SIV,6,14,transportation,n.,交通運輸
SIV,6,15,relaxation,n.,放鬆;休閑
SIV,6,16,conservation,n.,保護;保存
SIV,6,17,mysterious,adj.,神秘的;不可思議的
SIV,6,18,ocean,n.,海洋
SIV,6,19,creature,n.,生物;動物
SIV,6,20,dive,v./n.,潛水;跳水
SIV,6,21,stomach,n.,胃
SIV,6,22,enclose,v.,包圍;封閉
SIV,6,23,tube,n.,管道;管子
SIV,6,24,plume,n./v.,羽毛;羽狀物
SIV,6,25,giant,adj./n.,巨大的;巨人
SIV,6,26,worm,n.,蠕蟲;蟲子
SIV,6,27,contrast,n./v.,對比;對照
SIV,6,28,shallow,adj.,淺的
SIV,6,29,cover,v./n.,蓋住;覆蓋
SIV,6,30,surface,n./v.,表面;浮出水面
SIV,6,31,average,adj./n.,平均的;平均值
SIV,6,32,mile,n.,英里
SIV,6,33,consist,v.,由...組成
SIV,6,34,plain,adj./n.,平原;樸素的
SIV,6,35,canyon,n.,峽谷
SIV,6,36,active,adj.,活躍的;積極的
SIV,6,37,extinct,adj.,絕種的
SIV,6,38,volcano,n.,火山
SIV,6,39,temperature,n.,溫度
SIV,6,40,unexplored,adj.,未被探索的
SIV,6,41,store,v./n.,儲存;商店
SIV,6,42,species,n.,物種
SIV,6,43,squid,n.,烏賊
SIV,6,44,exist,v.,存在
SIV,6,45,amazing,adj.,令人驚奇的
SIV,6,46,submersible,n./adj.,潛水器;可潛水的
SIV,6,47,submarine,n.,潛水艇
SIV,6,48,invent,v.,發明
SIV,6,49,descend,v.,下降;降臨
SIV,6,50,craft,n.,工藝;手藝;飛機
SIV,6,51,exploration,n.,探索;勘探
SIV,6,52,anticipate,v.,預期;期望
SIV,6,53,survive,v.,生存;倖存
SIV,6,54,rarely,adv.,很少地;罕見地
SIV,6,55,drift,v./n.,漂流;漂移
SIV,6,56,starfish,n.,海星
SIV,6,57,aggressive,adj.,侵略的;好鬥的
SIV,6,58,snail,n.,蝸牛
SIV,6,59,pincer,n.,鉗子;鉗制部分
SIV,6,60,shrimp,n.,小蝦
SIV,6,61,scarce,adj.,稀缺的;不足的
SIV,6,62,bioluminous,adj.,發光的;生物發光的
SIV,6,63,lure,v./n.,引誘;誘惑;誘餌
SIV,6,64,allow,v.,允許
SIV,6,65,attract,v.,吸引
SIV,6,66,jaw,n.,下巴;顎
SIV,6,67,grab,v.,抓住;攫取
SIV,6,68,prey,n./v.,獵物;捕食
SIV,6,69,habitat,n.,棲息地;居住地
SIV,6,70,discovery,n.,發現
SIV,6,71,crack,n./v.,裂縫;裂開
SIV,6,72,vent,n./v.,排氣口;通風口
SIV,6,73,rush,v./n.,匆忙;奔流;急速
SIV,6,74,chemical,adj./n.,化學的;化學物質
SIV,6,75,magma,n.,岩漿
SIV,6,76,melt,v.,融化;溶解
SIV,6,77,burst,v./n.,爆裂;爆發
SIV,6,78,gush,v./n.,噴出;湧出;迸發
SIV,6,79,geyser,n.,間歇泉
SIV,6,80,mussel,n.,貽貝
SIV,6,81,crab,n.,螃蟹
SIV,6,82,clam,n.,蛤蜊
SIV,6,83,bacteria,n.,細菌
SIV,6,84,coral,n.,珊瑚
SIV,6,85,reef,n.,礁;暗礁
SIV,6,86,striated,adj.,有條紋的
SIV,6,87,frogfish,n.,單角魚
SIV,6,88,odd,adj.,奇怪的;不同尋常的
SIV,6,89,determine,v.,確定;決定
SIV,6,90,insulate,v.,隔絕;絕緣
SIV,6,91,transform,v.,轉變;改變
SIV,6,92,process,n./v.,過程;處理
SIV,6,93,chemosynthesis,n.,化學合成
SIV,6,94,flourish,v.,繁榮;興盛
SIV,6,95,mystery,n.,神秘;謎團
SIV,6,96,bottom,n.,底部;底部的
SIV,6,97,decade,n.,十年
SIV,6,98,discover,v.,發現
SIV,6,99,anglerfish,n.,深海光魚
SIV,7,1,impact,n./v.,影響;衝擊
SIV,7,2,restore,v.,恢復;修復
SIV,7,3,glisten,v.,閃耀;閃閃發光
SIV,7,4,native,adj./n.,本地的;本地人
SIV,7,5,smooth,adj./v.,平滑的;使光滑
SIV,7,6,dull,adj.,乏味的;不鮮明的
SIV,7,7,plantation,n.,种植园;大农场
SIV,7,8,urge,v./n.,催促;力勸
SIV,7,9,influence,n./v.,影響;影響力
SIV,7,10,export,v./n.,出口;出口品
SIV,7,11,landscape,n.,風景;景色
SIV,7,12,improvement,n.,改進;改良
SIV,7,13,accomplishment,n.,成就;成就物
SIV,7,14,arrangement,n.,安排;整理
SIV,7,15,mayor,n.,市長
SIV,7,16,involvement,n.,參與;涉及
SIV,7,17,donate,v.,捐贈;捐助
SIV,7,18,achievement,n.,成就;達成
SIV,7,19,biologist,n.,生物學家
SIV,7,20,combine,v.,結合;組合
SIV,7,21,nature,n.,自然;性質
SIV,7,22,belief,n.,信仰;信念
SIV,7,23,accuracy,n.,精確度;準確性
SIV,7,24,raise,v.,提高;舉起
SIV,7,25,awareness,n.,意識;認知
SIV,7,26,environmental,adj.,環境的
SIV,7,27,movement,n.,運動;動運
SIV,7,28,influence,n./v.,影響;影響力
SIV,7,29,encourage,v.,鼓勵;促使
SIV,7,30,explore,v.,探索;探究
SIV,7,31,affect,v.,影響;影響力
SIV,7,32,biology,n.,生物學
SIV,7,33,shimmer,v./n.,微光;閃爍
SIV,7,34,seascape,n.,海景;海岸風景
SIV,7,35,capture,v.,捕捉;俘虜
SIV,7,36,career,n.,職業;事業
SIV,7,37,bureau,n.,局;署
SIV,7,38,fishery,n.,漁業
SIV,7,39,editor,n.,編輯;主編
SIV,7,40,reveal,v.,揭示;揭露
SIV,7,41,damage,v./n.,損壞;損害
SIV,7,42,describe,v.,描述;描寫
SIV,7,43,spray,v./n.,噴灑;噴霧
SIV,7,44,private,adj.,私人的;個人的
SIV,7,45,reserve,v./n.,保留;儲備
SIV,7,46,company,n.,公司;企業
SIV,7,47,crop,n.,作物;收成
SIV,7,48,response,n.,回應;反應
SIV,7,49,hire,v.,雇用;聘用
SIV,7,50,claim,v./n.,聲稱;宣稱
SIV,7,51,realize,v.,實現;認識到
SIV,7,52,worried,adj.,擔心的;擔憂的
SIV,7,53,warn,v.,警告;告誡
SIV,7,54,emphasize,v.,強調;著重
SIV,7,55,issue,n./v.,問題;發行
SIV,7,56,misuse,v./n.,濫用;誤用
SIV,7,57,demand,v./n.,要求;需求
SIV,7,58,investigation,n.,調查;研究
SIV,7,59,control,v./n.,控制;管理
SIV,7,60,congressional,adj.,國會的
SIV,7,61,congress,n.,國會;議會
SIV,7,62,committee,n.,委員會;小組
SIV,7,63,decision,n.,決定;決策
SIV,7,64,intend,v.,打算;意圖
SIV,7,65,chain,n./v.,鏈條;鏈接
SIV,7,66,producer,n.,生產者;製造商
SIV,7,67,consumer,n.,消費者;顧客
SIV,7,68,phytoplankton,n.,浮游植物;浮游生物
SIV,7,69,zooplankton,n.,浮游動物
SIV,7,70,seal,n./v.,海豹;封口
SIV,7,71,reaction,n.,反應;回應
SIV,7,72,meanwhile,adv./n.,同時;其間
SIV,7,73,advertisement,n.,廣告;宣傳
SIV,7,74,product,n.,產品;產物
SIV,7,75,opinion,n.,意見;看法
SIV,7,76,poison,n./v.,毒藥;毒害
SIV,7,77,attitude,n.,態度;看法
SIV,7,78,critically,adv.,批評性地;嚴重地
SIV,7,79,acquire,v.,獲得;取得
SIV,7,80,fateful,adj.,重大的;決定性的
SIV,7,81,alter,v.,改變;修改
SIV,7,82,destroy,v.,摧毀;毀壞
SIV,7,83,survive,v.,存活;倖存
SIV,7,84,desire,n./v.,渴望;欲望
SIV,7,85,preserve,v./n.,保護;保存
SIV,7,86,protect,v.,保護;防衛
SIV,7,87,express,v.,表達;表現
SIV,7,88,aware,adj.,察覺的;意識到的
SIV,7,89,solution,n.,解決方案;答案
SIV,8,1,connect,v.,連接;連結
SIV,8,2,connection,n.,連接;聯繫
SIV,8,3,exchange,v./n.,交換;交流
SIV,8,4,blare,v./n.,高聲發出;喇叭聲
SIV,8,5,siren,n.,警報器;汽笛
SIV,8,6,breeze,n.,微風
SIV,8,7,errand,n.,差事;使命
SIV,8,8,personification,n.,擬人;人格化
SIV,8,9,assonance,n.,內押韻
SIV,8,10,consonance,n.,和諧;協和
SIV,8,11,imagery,n.,意象;形象
SIV,8,12,pour,v.,倒;灌
SIV,8,13,drop,v./n.,落下;滴下
SIV,8,14,silver,n./adj.,銀;銀色的
SIV,8,15,bounce,v./n.,彈跳;反彈
SIV,8,16,sidewalk,n.,人行道
SIV,8,17,envelope,n.,信封;封套
SIV,8,18,neat,adj.,整潔的;整齊的
SIV,8,19,tore,v.,撕裂;扯破
SIV,8,20,stream,n./v.,溪流;流動
SIV,8,21,clung,v.,緊貼;緊附
SIV,8,22,distant,adj.,遙遠的;遠方的
SIV,8,23,seek,v.,尋找;尋求
SIV,8,24,adventure,n.,冒險;冒險活動
SIV,8,25,explore,v.,探索;探討
SIV,8,26,leap,v./n.,跳躍;飛躍
SIV,8,27,globe,n.,地球儀;球體
SIV,8,28,universe,n.,宇宙
SIV,8,29,expand,v.,擴大;擴展
SIV,8,30,novel,adj./n.,新穎的;小說
SIV,8,31,wave,n./v.,波浪;揮手
SIV,8,32,ancient,adj.,古老的;古代的
SIV,8,33,tale,n.,故事;傳說
SIV,8,34,feast,n./v.,盛宴;宴會
SIV,8,35,museum,n.,博物館;博物院
SIV,8,36,beg,v.,乞討;懇求
SIV,8,37,tour,n./v.,旅行;遊覽
SIV,8,38,scene,n.,場景;場面
SIV,8,39,grand,adj.,宏偉的;壯麗的
SIV,8,40,timeless,adj.,永恆的;不受時間影響的
SIV,8,41,experience,n./v.,經歷;體驗
SIV,8,42,soar,v.,高飛;翱翔
SIV,8,43,aroma,n.,香氣;芬芳
SIV,8,44,fill,v.,充滿;填滿
SIV,8,45,tune,n./v.,曲調;調整
SIV,8,46,custom,n.,習慣;風俗
SIV,8,47,aware,adj.,察覺的;意識到的
SIV,8,48,valuable,adj.,有價值的;寶貴的
SIV,8,49,blossom,n./v.,花朵;開花
SIV,8,50,pedal,n./v.,踏板;踩踏
SIV,8,51,downtown,n./adj.,市區;市中心;市區的
SIV,8,52,wheel,n./v.,輪子;旋轉
SIV,8,53,weave,v.,編織;編制
SIV,8,54,sunbeam,n.,陽光線;陽光束
SIV,8,55,greeting,n.,問候;迎接
SIV,8,56,inaudible,adj.,聽不見的;聽不清的
SIV,8,57,seed,n.,種子;種子狀的東西
SIV,8,58,sensible,adj.,明智的;合理的
SIV,8,59,route,n.,路線;航線;路徑
SIV,8,60,surprise,n./v.,驚喜;使驚訝
SIV,8,61,packet,n.,小包裹;小袋
SIV,8,62,shook,v.,搖動;震動
SIV,8,63,willy-nilly,adv.,不管願意與否;隨便地
SIV,8,64,backyard,n.,後院;庭院
SIV,8,65,row,n.,一排;爭吵
SIV,8,66,prefer,v.,偏好;寧願
SIV,8,67,meadow,n.,草地;牧場
SIV,8,68,plenty,n./adj.,充足;豐富
SIV,8,69,variety,n.,變化;多樣性
SIV,8,70,buzz,v./n.,嗡嗡聲;忙亂聲
SIV,8,71,excitable,adj.,易興奮的;易激動的
SIV,8,72,flight,n.,飛行;飛翔
SIV,8,73,impatient,adj.,不耐煩的;急躁的
SIV,8,74,swift,adj./n.,迅速的;敏捷的;燕子
SIV,8,75,sparrow,n.,麻雀
SIV,8,76,dip,v./n.,浸泡;下降
SIV,8,77,dove ,v.,俯衝;潛水(過去式)
SIV,8,78,dart,v./n.,疾馳;飛奔;飛鏢
SIV,8,79,outstretch,v.,伸出;伸展
SIV,8,80,loose,adj./v.,寬鬆的;放鬆;解開
SIV,8,81,joyfully,adv.,高興地;快樂地